LTR-RT id	Up/Downstream	Pseudomolecules/scaffolds	LTR-RT start	LTR-RT end	LTR-RT length	lLTR start	lLTR end	lLTR length	rLTR start	rLTR end	rLTR length	lTSD start	lTSD end	lTSD sequence	rTSD start	rTSD end	rTSD sequence	PPT start	PPT end	PPT motif	Strand	PPT offset	PBS start	PBS end	Strand	tRNA id	tRNA motif	PBS offset	tRNA offset	PBS/tRNA		Class	Superfamily	Clade	Complete	Strand	Domains	K_Kimura	K_Ksd	K_TajimaNei	K_TNsd	timeK	timeKsd	numComparedSites	transitions	numComparedSites	transversions	numComparedSites	timeTN	transitions_numComparedSites	transversions_numComparedSites	gene/pseudogene	Gene start	Gene end	gene length	strand	gene annotation
NC_003070.9_7717356_7722547	Genes Upstream LTR	NC_003070.9	7717356	7722547	5192	7717356	7717795	440	7722108	7722547	440	7717351	7717355	gactg	7722548	7722552	gactg	7722099	7722107	aagaggggg	+	1										LTR	Nonautonomous:Copia	Ivana	yes	+	GAG|Ivana PROT|Ivana INT|Ivana RT|Ivana RH|Ivana	0.0279120773193726	0.00811611147791523	0.0281447682668833	0.00825266695425278	930402.577312421	379257.032823864	439	8	439	4	439	938158.942229444	0.0182232346241458	0.00911161731207289	gene	7712819	7714459	2897	+	ID=gene-AT1G21930;Dbxref=Araport:AT1G21930,TAIR:AT1G21930,GeneID:838795;Name=AT1G21930;gbkey=Gene;gene_biotype=protein_coding;gene_synonym=T26F17.22,T26F17_22;locus_tag=AT1G21930
NC_003070.9_7717356_7722547	Genes Upstream LTR	NC_003070.9	7717356	7722547	5192	7717356	7717795	440	7722108	7722547	440	7717351	7717355	gactg	7722548	7722552	gactg	7722099	7722107	aagaggggg	+	1										LTR	Nonautonomous:Copia	Ivana	yes	+	GAG|Ivana PROT|Ivana INT|Ivana RT|Ivana RH|Ivana	0.0279120773193726	0.00811611147791523	0.0281447682668833	0.00825266695425278	930402.577312421	379257.032823864	439	8	439	4	439	938158.942229444	0.0182232346241458	0.00911161731207289	gene	7715170	7716975	381	-	ID=gene-AT1G21940;Dbxref=Araport:AT1G21940,TAIR:AT1G21940,GeneID:838796;Name=AT1G21940;end_range=7716975,.;gbkey=Gene;gene_biotype=protein_coding;gene_synonym=T26F17.16,T26F17_16;locus_tag=AT1G21940;partial=true;start_range=.,7715170
NC_003070.9_9476002_9480634	Genes Upstream LTR	NC_003070.9	9476002	9480634	4633	9476002	9476121	120	9480515	9480634	120	9475997	9476001	gtttg	9480635	9480639	gtttg															LTR	Nonautonomous:Copia	Ale	yes	+	GAG|Ale PROT|Ale INT|Ale RT|Ale RH|Ale	0.0170040405810258	0.0120628103228054	0.0171458156086016	0.0122657996106794	566801.352700859	566080.569651751	119	1	119	1	119	571527.186953388	0.00840336134453781	0.00840336134453781	gene	9472077	9473149	2853	+	ID=gene-AT1G27270;Dbxref=Araport:AT1G27270,TAIR:AT1G27270,GeneID:839615;Name=AT1G27270;end_range=9473149,.;gbkey=Gene;gene_biotype=protein_coding;gene_synonym=F17L21.5,F17L21_5;locus_tag=AT1G27270;partial=true;start_range=.,9472077
NC_003070.9_9476002_9480634	Genes Upstream LTR	NC_003070.9	9476002	9480634	4633	9476002	9476121	120	9480515	9480634	120	9475997	9476001	gtttg	9480635	9480639	gtttg															LTR	Nonautonomous:Copia	Ale	yes	+	GAG|Ale PROT|Ale INT|Ale RT|Ale RH|Ale	0.0170040405810258	0.0120628103228054	0.0171458156086016	0.0122657996106794	566801.352700859	566080.569651751	119	1	119	1	119	571527.186953388	0.00840336134453781	0.00840336134453781	gene	9473380	9473719	2283	+	ID=gene-AT1G06067;Dbxref=Araport:AT1G06067,GeneID:28716429;Name=AT1G06067;gbkey=Gene;gene_biotype=lncRNA;locus_tag=AT1G06067
NC_003070.9_9476002_9480634	Genes Upstream LTR	NC_003070.9	9476002	9480634	4633	9476002	9476121	120	9480515	9480634	120	9475997	9476001	gtttg	9480635	9480639	gtttg															LTR	Nonautonomous:Copia	Ale	yes	+	GAG|Ale PROT|Ale INT|Ale RT|Ale RH|Ale	0.0170040405810258	0.0120628103228054	0.0171458156086016	0.0122657996106794	566801.352700859	566080.569651751	119	1	119	1	119	571527.186953388	0.00840336134453781	0.00840336134453781	gene	9473380	9473652	2350	-	ID=gene-AT1G06063;Dbxref=Araport:AT1G06063,GeneID:28716428;Name=AT1G06063;gbkey=Gene;gene_biotype=lncRNA;locus_tag=AT1G06063
NC_003070.9_9476002_9480634	Genes Upstream LTR	NC_003070.9	9476002	9480634	4633	9476002	9476121	120	9480515	9480634	120	9475997	9476001	gtttg	9480635	9480639	gtttg															LTR	Nonautonomous:Copia	Ale	yes	+	GAG|Ale PROT|Ale INT|Ale RT|Ale RH|Ale	0.0170040405810258	0.0120628103228054	0.0171458156086016	0.0122657996106794	566801.352700859	566080.569651751	119	1	119	1	119	571527.186953388	0.00840336134453781	0.00840336134453781	gene	9474027	9474990	1012	+	ID=gene-AT1G27280;Dbxref=Araport:AT1G27280,TAIR:AT1G27280,GeneID:839616;Name=AT1G27280;end_range=9474990,.;gbkey=Gene;gene_biotype=protein_coding;gene_synonym=F17L21.6,F17L21_6;locus_tag=AT1G27280;partial=true;start_range=.,9474027
NC_003070.9_9476002_9480634	Genes Upstream LTR	NC_003070.9	9476002	9480634	4633	9476002	9476121	120	9480515	9480634	120	9475997	9476001	gtttg	9480635	9480639	gtttg															LTR	Nonautonomous:Copia	Ale	yes	+	GAG|Ale PROT|Ale INT|Ale RT|Ale RH|Ale	0.0170040405810258	0.0120628103228054	0.0171458156086016	0.0122657996106794	566801.352700859	566080.569651751	119	1	119	1	119	571527.186953388	0.00840336134453781	0.00840336134453781	gene	9475461	9475699	303	-	ID=gene-AT1G06073;Dbxref=Araport:AT1G06073,GeneID:28716430;Name=AT1G06073;gbkey=Gene;gene_biotype=lncRNA;locus_tag=AT1G06073
NC_003070.9_10610329_10614183	Genes Upstream LTR	NC_003070.9	10610329	10614183	3855	10610329	10610484	156	10614028	10614183	156	10610324	10610328	gtttt	10614184	10614188	gtttt	10614019	10614027	gaagggggg	+	1										LTR	Nonautonomous:Copia	Ale	no	+	GAG|Ale PROT|Ale INT|Ale RH|Ale	0	0	0	0	0	0	155	0	155	0	155	0	0	0	gene	10606159	10607944	2385	+	ID=gene-AT1G30160;Dbxref=Araport:AT1G30160,TAIR:AT1G30160,GeneID:839896;Name=AT1G30160;gbkey=Gene;gene_biotype=protein_coding;gene_synonym=T2H7.4,T2H7_4;locus_tag=AT1G30160
NC_003070.9_10610329_10614183	Genes Upstream LTR	NC_003070.9	10610329	10614183	3855	10610329	10610484	156	10614028	10614183	156	10610324	10610328	gtttt	10614184	10614188	gtttt	10614019	10614027	gaagggggg	+	1										LTR	Nonautonomous:Copia	Ale	no	+	GAG|Ale PROT|Ale INT|Ale RH|Ale	0	0	0	0	0	0	155	0	155	0	155	0	0	0	gene	10607888	10609618	711	-	ID=gene-AT1G30170;Dbxref=Araport:AT1G30170,TAIR:AT1G30170,GeneID:839897;Name=AT1G30170;gbkey=Gene;gene_biotype=protein_coding;gene_synonym=T2H7.3,T2H7_3;locus_tag=AT1G30170
NC_003070.9_11148091_11152835	Genes Upstream LTR	NC_003070.9	11148091	11152835	4745	11148091	11148386	296	11152540	11152835	296	11148086	11148090	gcaat	11152836	11152840	gcaat	11148369	11148376	aaacaagt	-	17										LTR	Nonautonomous:Copia	Ale	yes	+	GAG|Ale PROT|Ale INT|Ale RT|Ale RH|Ale	0.00339848133125721	0.00340138515570304	0.00340407686385233	0.00341260433949687	113282.711041907	160172.464954408	295	0	295	1	295	113469.228795078	0	0.00338983050847458	gene	11144772	11146930	1161	+	ID=gene-AT1G31190;Dbxref=Araport:AT1G31190,TAIR:AT1G31190,GeneID:840007;Name=IMPL1;Note=Encodes a myo-inositol monophosphatase IMPL1 (myo-Inositol monophosphatase like 1).;gbkey=Gene;gene=IMPL1;gene_biotype=protein_coding;gene_synonym=F28K20.15,F28K20_15,myo-inositol monophosphatase like 1;locus_tag=AT1G31190
NC_003070.9_11148091_11152835	Genes Upstream LTR	NC_003070.9	11148091	11152835	4745	11148091	11148386	296	11152540	11152835	296	11148086	11148090	gcaat	11152836	11152840	gcaat	11148369	11148376	aaacaagt	-	17										LTR	Nonautonomous:Copia	Ale	yes	+	GAG|Ale PROT|Ale INT|Ale RT|Ale RH|Ale	0.00339848133125721	0.00340138515570304	0.00340407686385233	0.00341260433949687	113282.711041907	160172.464954408	295	0	295	1	295	113469.228795078	0	0.00338983050847458	gene	11146923	11147547	544	-	ID=gene-AT1G31200;Dbxref=Araport:AT1G31200,TAIR:AT1G31200,GeneID:840008;Name=PP2-A9;gbkey=Gene;gene=PP2-A9;gene_biotype=protein_coding;gene_synonym=ATPP2-A9,F28K20.16,F28K20_16,phloem protein 2-A9;locus_tag=AT1G31200;partial=true;start_range=.,11146923
NC_003070.9_11148091_11152835	Genes Upstream LTR	NC_003070.9	11148091	11152835	4745	11148091	11148386	296	11152540	11152835	296	11148086	11148090	gcaat	11152836	11152840	gcaat	11148369	11148376	aaacaagt	-	17										LTR	Nonautonomous:Copia	Ale	yes	+	GAG|Ale PROT|Ale INT|Ale RT|Ale RH|Ale	0.00339848133125721	0.00340138515570304	0.00340407686385233	0.00341260433949687	113282.711041907	160172.464954408	295	0	295	1	295	113469.228795078	0	0.00338983050847458	gene	11147007	11147252	839	+	ID=gene-AT1G06423;Dbxref=Araport:AT1G06423,GeneID:28716492;Name=AT1G06423;Note=Natural antisense transcript overlaps with AT1G31200;gbkey=Gene;gene_biotype=lncRNA;locus_tag=AT1G06423
NC_003070.9_11789452_11794077	Genes Upstream LTR	NC_003070.9	11789452	11794077	4626	11789452	11789722	271	11793807	11794077	271	11789447	11789451	gtcat	11794078	11794082	gtcat	11793796	11793805	aagggaggga	+	2										LTR	Nonautonomous:Copia	Ivana	yes	+	GAG|Ivana PROT|Ivana INT|Ivana RT|Ivana RH|Ivana	0	0	0	0	0	0	270	0	270	0	270	0	0	0	gene	11785806	11788286	1166	+	ID=gene-AT1G32583;Dbxref=Araport:AT1G32583,TAIR:AT1G32583,GeneID:3766880;Name=AT1G32583;Note=A microRNA MIR400 is derived from the first intron of At1g32583 in the 5'UTR. A stress-induced alternative splicing event in At1g32583 resulted in greater accumulation of miR400 primary transcripts and a low level of mature miR400.;gbkey=Gene;gene_biotype=protein_coding;locus_tag=AT1G32583;partial=true;start_range=.,11785806
NC_003070.9_11789452_11794077	Genes Upstream LTR	NC_003070.9	11789452	11794077	4626	11789452	11789722	271	11793807	11794077	271	11789447	11789451	gtcat	11794078	11794082	gtcat	11793796	11793805	aagggaggga	+	2										LTR	Nonautonomous:Copia	Ivana	yes	+	GAG|Ivana PROT|Ivana INT|Ivana RT|Ivana RH|Ivana	0	0	0	0	0	0	270	0	270	0	270	0	0	0	gene	11785936	11786037	3415	+	ID=gene-AT1G32582;Dbxref=Araport:AT1G32582,TAIR:AT1G32582,GeneID:5007748;Name=MIR400;Note=Encodes a microRNA of unknown function that is predicted to target PPR family members. MicroRNAs are regulatory RNAs with a mature length of ~21-nucleotides that are processed from hairpin precursors by Dicer-like enzymes. MicroRNAs can negatively regulate gene expression by attenuating translation or by directing mRNA cleavage.Mature sequence: UAUGAGAGUAUUAUAAGUCAC;gbkey=Gene;gene=MIR400;gene_biotype=miRNA;gene_synonym=microRNA400,p_MI0001069;locus_tag=AT1G32582
NC_003070.9_11789452_11794077	Genes Upstream LTR	NC_003070.9	11789452	11794077	4626	11789452	11789722	271	11793807	11794077	271	11789447	11789451	gtcat	11794078	11794082	gtcat	11793796	11793805	aagggaggga	+	2										LTR	Nonautonomous:Copia	Ivana	yes	+	GAG|Ivana PROT|Ivana INT|Ivana RT|Ivana RH|Ivana	0	0	0	0	0	0	270	0	270	0	270	0	0	0	gene	11786292	11786371	3081	+	ID=gene-AT1G06597;Dbxref=Araport:AT1G06597,GeneID:28716524;Name=MIR5654;gbkey=Gene;gene=MIR5654;gene_biotype=miRNA;locus_tag=AT1G06597
NC_003070.9_11789452_11794077	Genes Upstream LTR	NC_003070.9	11789452	11794077	4626	11789452	11789722	271	11793807	11794077	271	11789447	11789451	gtcat	11794078	11794082	gtcat	11793796	11793805	aagggaggga	+	2										LTR	Nonautonomous:Copia	Ivana	yes	+	GAG|Ivana PROT|Ivana INT|Ivana RT|Ivana RH|Ivana	0	0	0	0	0	0	270	0	270	0	270	0	0	0	gene	11788515	11789177	275	-	ID=gene-AT1G32585;Dbxref=Araport:AT1G32585,TAIR:AT1G32585,GeneID:840153;Name=AT1G32585;end_range=11789177,.;gbkey=Gene;gene_biotype=protein_coding;locus_tag=AT1G32585;partial=true;start_range=.,11788515
NC_003070.9_12406711_12410000	Genes Upstream LTR	NC_003070.9	12406711	12410000	3290	12406711	12407249	539	12409463	12410000	538	12406706	12406710	gatac	12410001	12410005	gatac	12409454	12409461	gaggggga	+	2										LTR	Nonautonomous:Copia	Ale	no	+	RT|Ale RH|Ale	0.0266457530514099	0.00718458514197051	0.0267872885584185	0.0072612407176144	888191.76838033	335390.179951395	537	11	537	3	537	892909.618613951	0.0204841713221601	0.00558659217877095	gene	12402283	12403209	3502	+	ID=gene-AT1G34070;Dbxref=Araport:AT1G34070,TAIR:AT1G34070,GeneID:840305;Name=AT1G34070;end_range=12403209,.;gbkey=Gene;gene_biotype=protein_coding;gene_synonym=F12G12.10,F12G12_10;locus_tag=AT1G34070;partial=true;start_range=.,12402283
NC_003070.9_12813589_12816476	Genes Upstream LTR	NC_003070.9	12813589	12816476	2888	12813589	12813919	331	12816155	12816476	322	12813584	12813588	ctaat	12816477	12816481	ctaat	12816146	12816154	aagggggag	+	1										LTR	Nonautonomous:Copia	Bianca	no	+	RT|Bianca RH|Bianca	0.03639729993681	0.011058136410975	0.0365888694083432	0.0111753963385815	1213243.331227	516067.42221146	310	6	310	5	310	1219628.98027811	0.0193548387096774	0.0161290322580645	gene	12811030	12811308	2281	-	ID=gene-AT1G35035;Dbxref=Araport:AT1G35035,TAIR:AT1G35035,GeneID:5007766;Name=AT1G35035;Note=Encodes a Plant thionin family protein;end_range=12811308,.;gbkey=Gene;gene_biotype=protein_coding;locus_tag=AT1G35035;partial=true;start_range=.,12811030
NC_003070.9_12813589_12816476	Genes Upstream LTR	NC_003070.9	12813589	12816476	2888	12813589	12813919	331	12816155	12816476	322	12813584	12813588	ctaat	12816477	12816481	ctaat	12816146	12816154	aagggggag	+	1										LTR	Nonautonomous:Copia	Bianca	no	+	RT|Bianca RH|Bianca	0.03639729993681	0.011058136410975	0.0365888694083432	0.0111753963385815	1213243.331227	516067.42221146	310	6	310	5	310	1219628.98027811	0.0193548387096774	0.0161290322580645	gene	12812157	12812569	1020	+	ID=gene-AT1G35040;Dbxref=Araport:AT1G35040,TAIR:AT1G35040,GeneID:840389;Name=AT1G35040;end_range=12812569,.;gbkey=Gene;gene_biotype=protein_coding;gene_synonym=F11O6.10,F11O6_10;locus_tag=AT1G35040;partial=true;start_range=.,12812157
NC_003070.9_13334466_13339870	Genes Upstream LTR	NC_003070.9	13334466	13339870	5405	13334466	13334860	395	13339479	13339870	392	13334461	13334465	caatg	13339871	13339875	caatg						13334865	13334879	+	Arabidopsis_thaliana_NC_003070.9.trna211-Thr	tgctttccttgagag	4	0	1		LTR	Nonautonomous:Gypsy	Reina	yes	+	GAG|Reina PROT|Reina RT|Reina RH|Reina INT|Reina CHD|Reina	0.0725897543516718	0.0141834917969786	0.0733217888626694	0.0144740752908969	2419658.47838906	655593.865820575	391	14	391	13	391	2444059.62875565	0.0358056265984655	0.0332480818414322	gene	13330510	13331506	2960	+	ID=gene-AT1G35850;Dbxref=Araport:AT1G35850,TAIR:AT1G35850,GeneID:840487;Name=PUM17;Note=Encodes a member of the Arabidopsis Pumilio (APUM) proteins containing PUF domain (eight repeats of approximately 36 amino acids each). PUF proteins regulate both mRNA stability and translation through sequence-specific binding to the 3' UTR of target mRNA transcripts.;end_range=13331506,.;gbkey=Gene;gene=PUM17;gene_biotype=protein_coding;gene_synonym=APUM17,F10O5.3,F10O5_3,pumilio 17;locus_tag=AT1G35850;partial=true;start_range=.,13330510
NC_003070.9_13334466_13339870	Genes Upstream LTR	NC_003070.9	13334466	13339870	5405	13334466	13334860	395	13339479	13339870	392	13334461	13334465	caatg	13339871	13339875	caatg						13334865	13334879	+	Arabidopsis_thaliana_NC_003070.9.trna211-Thr	tgctttccttgagag	4	0	1		LTR	Nonautonomous:Gypsy	Reina	yes	+	GAG|Reina PROT|Reina RT|Reina RH|Reina INT|Reina CHD|Reina	0.0725897543516718	0.0141834917969786	0.0733217888626694	0.0144740752908969	2419658.47838906	655593.865820575	391	14	391	13	391	2444059.62875565	0.0358056265984655	0.0332480818414322	gene	13332047	13334050	416	-	ID=gene-AT1G35860;Dbxref=Araport:AT1G35860,TAIR:AT1G35860,GeneID:840488;Name=TOC75-I;Note=TOC75 pseudogene due to a 5.4-kb gypsy/Ty3-related retrotransposon inserted at the 5' end of the gene;end_range=13334050,.;gbkey=Gene;gene=TOC75-I;gene_biotype=protein_coding;gene_synonym=F10O5.4,F10O5_4,translocon outer membrane complex 75-I;locus_tag=AT1G35860;partial=true;start_range=.,13332047
NC_003070.9_13439445_13448523	Genes Upstream LTR	NC_003070.9	13439445	13448523	9079	13439445	13440013	569	13447956	13448523	568	13439440	13439444	tatgt	13448524	13448528	tatgt	13447942	13447954	aaaaagggggaga	+	2										LTR	Nonautonomous:Copia	SIRE	yes	+	GAG|SIRE PROT|SIRE INT|SIRE RT|SIRE RH|SIRE	0.0362320579351329	0.00817658627158618	0.0364323685604195	0.0082673812688433	1207735.26450443	381164.735169218	567	13	567	7	567	1214412.28534732	0.0229276895943563	0.0123456790123457	gene	13434824	13435127	4318	+	ID=gene-AT1G06943;Dbxref=Araport:AT1G06943,GeneID:28716583;Name=AT1G06943;gbkey=Gene;gene_biotype=lncRNA;locus_tag=AT1G06943
NC_003070.9_13439445_13448523	Genes Upstream LTR	NC_003070.9	13439445	13448523	9079	13439445	13440013	569	13447956	13448523	568	13439440	13439444	tatgt	13448524	13448528	tatgt	13447942	13447954	aaaaagggggaga	+	2										LTR	Nonautonomous:Copia	SIRE	yes	+	GAG|SIRE PROT|SIRE INT|SIRE RT|SIRE RH|SIRE	0.0362320579351329	0.00817658627158618	0.0364323685604195	0.0082673812688433	1207735.26450443	381164.735169218	567	13	567	7	567	1214412.28534732	0.0229276895943563	0.0123456790123457	gene	13436586	13436828	2617	+	ID=gene-AT1G36030;Dbxref=Araport:AT1G36030,TAIR:AT1G36030,GeneID:840506;Name=AT1G36030;end_range=13436828,.;gbkey=Gene;gene_biotype=protein_coding;gene_synonym=T22A15.5,T22A15_5;locus_tag=AT1G36030;partial=true;start_range=.,13436586
NC_003070.9_13659273_13667557	Genes Upstream LTR	NC_003070.9	13659273	13667557	8285	13659273	13660427	1155	13666401	13667557	1157	13659268	13659272	taaat	13667558	13667562	taaat	13666391	13666399	gggggagaa	+	2										LTR	Nonautonomous:Gypsy	Tekay	yes	+	GAG|Tekay PROT|Tekay RT|Tekay RH|Tekay INT|Tekay CHD|Tekay	0.0256472943043983	0.00479581984842845	0.0257347203566806	0.00482854521766185	854909.810146609	224211.84259803	1153	20	1153	9	1153	857824.011889354	0.0173460537727667	0.00780572419774501	gene	13657062	13657390	1883	-	ID=gene-AT1G06973;Dbxref=Araport:AT1G06973,GeneID:28716589;Name=AT1G06973;gbkey=Gene;gene_biotype=lncRNA;locus_tag=AT1G06973
NC_003070.9_13818567_13823888	Genes Upstream LTR	NC_003070.9	13818567	13823888	5322	13818567	13818942	376	13823513	13823888	376	13818562	13818566	atgtt	13823889	13823893	atgtt	13823498	13823510	gaaaggggggaga	+	3										LTR	Nonautonomous:Gypsy	Reina	yes	+	GAG|Reina PROT|Reina RT|Reina RH|Reina INT|Reina CHD|Reina	0	0	0	0	0	0	375	0	375	0	375	0	0	0	gene	13816459	13818556	11	-	ID=gene-AT1G36580;Dbxref=Araport:AT1G36580,TAIR:AT1G36580,GeneID:840566;Name=AT1G36580;gbkey=Gene;gene_biotype=protein_coding;gene_synonym=F28J9.2,F28J9_2;locus_tag=AT1G36580;partial=true;start_range=.,13816459
NC_003070.9_14019278_14024518	Genes Upstream LTR	NC_003070.9	14019278	14024518	5241	14019278	14019563	286	14024233	14024518	286	14019273	14019277	gaaga	14024519	14024523	gaaga	14024208	14024229	gaagggggggggggggaggggg	+	4										LTR	Nonautonomous:Gypsy	Reina	yes	+	GAG|Reina PROT|Reina RT|Reina RH|Reina INT|Reina CHD|Reina	0.0250423202755716	0.0095329145031277	0.025204741407512	0.00965739244790239	834744.00918572	445650.896460627	285	5	285	2	285	840158.046917066	0.0175438596491228	0.00701754385964912	gene	14014796	14015508	3770	+	ID=gene-AT1G36960;Dbxref=Araport:AT1G36960,TAIR:AT1G36960,GeneID:840605;Name=AT1G36960;end_range=14015508,.;gbkey=Gene;gene_biotype=protein_coding;locus_tag=AT1G36960;partial=true;start_range=.,14014796
NC_003070.9_14019278_14024518	Genes Upstream LTR	NC_003070.9	14019278	14024518	5241	14019278	14019563	286	14024233	14024518	286	14019273	14019277	gaaga	14024519	14024523	gaaga	14024208	14024229	gaagggggggggggggaggggg	+	4										LTR	Nonautonomous:Gypsy	Reina	yes	+	GAG|Reina PROT|Reina RT|Reina RH|Reina INT|Reina CHD|Reina	0.0250423202755716	0.0095329145031277	0.025204741407512	0.00965739244790239	834744.00918572	445650.896460627	285	5	285	2	285	840158.046917066	0.0175438596491228	0.00701754385964912	gene	14016385	14018356	922	-	ID=gene-AT1G36970;Dbxref=Araport:AT1G36970,TAIR:AT1G36970,GeneID:840606;Name=AT1G36970;end_range=14018356,.;gbkey=Gene;gene_biotype=protein_coding;gene_synonym=T32E20.31,T32E20_31;locus_tag=AT1G36970;partial=true;start_range=.,14016385
NC_003070.9_16117829_16124076	Genes Upstream LTR	NC_003070.9	16117829	16124076	6248	16117829	16118379	551	16123526	16124076	551	16117824	16117828	agtag	16124077	16124081	agtag	16123512	16123524	aaaaagggggaga	+	2										LTR	Nonautonomous:Copia	SIRE	yes	+	GAG|SIRE PROT|SIRE INT|SIRE RT|SIRE RH|SIRE	0.0147168841982602	0.00522644734302942	0.0147447429959753	0.00524623029932587	490562.806608673	245116.124631715	550	6	550	2	550	491491.433199176	0.0109090909090909	0.00363636363636364	gene	16114947	16115486	2343	+	ID=gene-AT1G09465;Dbxref=Araport:AT1G09465,GeneID:28717080;Name=AT1G09465;gbkey=Gene;gene_biotype=misc_RNA;locus_tag=AT1G09465
NC_003070.9_16117829_16124076	Genes Upstream LTR	NC_003070.9	16117829	16124076	6248	16117829	16118379	551	16123526	16124076	551	16117824	16117828	agtag	16124077	16124081	agtag	16123512	16123524	aaaaagggggaga	+	2										LTR	Nonautonomous:Copia	SIRE	yes	+	GAG|SIRE PROT|SIRE INT|SIRE RT|SIRE RH|SIRE	0.0147168841982602	0.00522644734302942	0.0147447429959753	0.00524623029932587	490562.806608673	245116.124631715	550	6	550	2	550	491491.433199176	0.0109090909090909	0.00363636363636364	gene	16115430	16116111	1718	-	ID=gene-AT1G09475;Dbxref=Araport:AT1G09475,GeneID:28717083;Name=AT1G09475;gbkey=Gene;gene_biotype=misc_RNA;locus_tag=AT1G09475
NC_003070.9_16117829_16124076	Genes Upstream LTR	NC_003070.9	16117829	16124076	6248	16117829	16118379	551	16123526	16124076	551	16117824	16117828	agtag	16124077	16124081	agtag	16123512	16123524	aaaaagggggaga	+	2										LTR	Nonautonomous:Copia	SIRE	yes	+	GAG|SIRE PROT|SIRE INT|SIRE RT|SIRE RH|SIRE	0.0147168841982602	0.00522644734302942	0.0147447429959753	0.00524623029932587	490562.806608673	245116.124631715	550	6	550	2	550	491491.433199176	0.0109090909090909	0.00363636363636364	gene	16116572	16117041	788	+	ID=gene-AT1G07137;Dbxref=Araport:AT1G07137,GeneID:28716605;Name=MIR5645d;gbkey=Gene;gene=MIR5645d;gene_biotype=miRNA;locus_tag=AT1G07137
NC_003070.9_16853318_16858040	Genes Upstream LTR	NC_003070.9	16853318	16858040	4723	16853318	16853448	131	16857910	16858040	131	16853313	16853317	ttaga	16858041	16858045	ttaga															LTR	Nonautonomous:Copia	Ale	yes	+	GAG|Ale PROT|Ale INT|Ale RT|Ale RH|Ale	0.00773706968094647	0.00775222959749026	0.00776650604188387	0.0078114432740084	257902.322698216	364559.070590563	130	0	130	1	130	258883.534729462	0	0.00769230769230769	gene	16852341	16853238	80	-	ID=gene-AT1G44478;Dbxref=Araport:AT1G44478,TAIR:AT1G44478,GeneID:841030;Name=AT1G44478;end_range=16853238,.;gbkey=Gene;gene_biotype=protein_coding;gene_synonym=T18F15.6,T18F15_6;locus_tag=AT1G44478;partial=true;start_range=.,16852341
NC_003070.9_17023916_17029257	Genes Upstream LTR	NC_003070.9	17023916	17029257	5342	17023916	17024415	500	17028758	17029257	500	17023911	17023915	caaag	17029258	17029262	caaag															LTR	Nonautonomous:Copia	Ale	yes	+	GAG|Ale PROT|Ale INT|Ale RT|Ale RH|Ale	0.0288266856787314	0.00779040389907081	0.0289425204977957	0.00785311179617832	960889.522624381	362974.29341503	498	12	498	2	498	964750.683259857	0.0240963855421687	0.00401606425702811	gene	17021514	17022795	1121	+	ID=gene-AT1G45015;Dbxref=Araport:AT1G45015,TAIR:AT1G45015,GeneID:841067;Name=AT1G45015;gbkey=Gene;gene_biotype=protein_coding;locus_tag=AT1G45015
NC_003070.9_17203926_17206318	Genes Upstream LTR	NC_003070.9	17203926	17206318	2393	17203926	17204265	340	17205979	17206318	340	17203921	17203925	tactc	17206319	17206323	tactc	17205970	17205978	aaggaggag	+	1										LTR	Nonautonomous:Copia	Ivana	no	+	GAG|Ivana PROT|Ivana RH|Ivana	0.00592376796564513	0.00419342273751999	0.0059376770190166	0.00421316936956003	197458.932188171	197368.904570191	339	1	339	1	339	197922.567300553	0.00294985250737463	0.00294985250737463	gene	17199314	17200841	3085	+	ID=gene-AT1G45976;Dbxref=Araport:AT1G45976,TAIR:AT1G45976,GeneID:841106;Name=SBP1;gbkey=Gene;gene=SBP1;gene_biotype=protein_coding;gene_synonym=F2G19.22,F2G19_22,S-ribonuclease binding protein 1;locus_tag=AT1G45976
NC_003070.9_17255285_17265289	Genes Upstream LTR	NC_003070.9	17255285	17265289	10005	17255285	17255698	414	17264875	17265289	415	17255280	17255284	ttaag	17265290	17265294	ttaag															LTR	Nonautonomous:Gypsy	Retand	no	+	GAG|Retand PROT|Retand RT|Retand aRH|Retand INT|Retand	0.00731720375921889	0.00424016855182329	0.00732480379597033	0.00424900436277275	243906.791973963	199154.406131382	413	3	413	0	413	244160.126532344	0.00726392251815981	0	gene	17252952	17253903	1382	+	ID=gene-AT1G46554;Dbxref=Araport:AT1G46554,TAIR:AT1G46554,GeneID:6241141;Name=AT1G46554;gbkey=Gene;gene_biotype=ncRNA;locus_tag=AT1G46554
NC_003070.9_17443081_17446790	Genes Upstream LTR	NC_003070.9	17443081	17446790	3710	17443081	17443232	152	17446639	17446790	152	17443076	17443080	gtccc	17446791	17446795	gtccc															LTR	Nonautonomous:Copia	Ale	no	+	PROT|Ale INT|Ale RT|Ale RH|Ale	0.0634653542965852	0.0218738541645295	0.0641008308280313	0.0223244903283936	2115511.80988617	999314.12900779	151	9	151	0	151	2136694.36093438	0.0596026490066225	0	gene	17441718	17442062	1019	-	ID=gene-AT1G07383;Dbxref=Araport:AT1G07383,GeneID:28716645;Name=AT1G07383;gbkey=Gene;gene_biotype=lncRNA;locus_tag=AT1G07383
NC_003070.9_17520597_17525126	Genes Upstream LTR	NC_003070.9	17520597	17525126	4530	17520597	17520758	162	17524965	17525126	162	17520592	17520596	attca	17525127	17525131	attca															LTR	Nonautonomous:Copia	Ale	yes	+	GAG|Ale PROT|Ale INT|Ale RT|Ale RH|Ale	0.0188689197271162	0.0109289032273531	0.019020353506301	0.0111060162031569	628963.990903873	512769.370864919	161	1	161	2	161	634011.783543366	0.0062111801242236	0.0124223602484472	gene	17518047	17520129	468	-	ID=gene-AT1G47640;Dbxref=Araport:AT1G47640,TAIR:AT1G47640,GeneID:841173;Name=AT1G47640;gbkey=Gene;gene_biotype=protein_coding;gene_synonym=F16N3.6,F16N3_6;locus_tag=AT1G47640
NC_003070.9_18828527_18833280	Genes Upstream LTR	NC_003070.9	18828527	18833280	4754	18828527	18828827	301	18832980	18833280	301	18828522	18828526	cttaa	18833281	18833285	cttaa	18832971	18832979	aagggggag	+	1										LTR	Nonautonomous:Copia	Ivana	yes	+	GAG|Ivana PROT|Ivana INT|Ivana RT|Ivana RH|Ivana	0.00334449407539836	0.00335010718833824	0.00334669968459137	0.00335453269123351	111483.135846612	157661.845444316	300	1	300	0	300	111556.656153046	0.00333333333333333	0	gene	18823822	18826637	1890	-	ID=gene-AT1G50790;Dbxref=Araport:AT1G50790,TAIR:AT1G50790,GeneID:841501;Name=AT1G50790;gbkey=Gene;gene_biotype=protein_coding;gene_synonym=F8A12.4,F8A12_4;locus_tag=AT1G50790
NC_003070.9_21244324_21249198	Genes Upstream LTR	NC_003070.9	21244324	21249198	4875	21244324	21244458	135	21249064	21249198	135	21244319	21244323	aggag	21249199	21249203	aggag															LTR	Nonautonomous:Copia	Ale	yes	+	GAG|Ale PROT|Ale INT|Ale RT|Ale RH|Ale	0	0	0	0	0	0	134	0	134	0	134	0	0	0	gene	21241579	21244207	117	+	ID=gene-AT1G56670;Dbxref=Araport:AT1G56670,TAIR:AT1G56670,GeneID:842122;Name=AT1G56670;gbkey=Gene;gene_biotype=protein_coding;gene_synonym=F25P12.90,F25P12_90;locus_tag=AT1G56670
NC_003070.9_21346162_21351041	Genes Upstream LTR	NC_003070.9	21346162	21351041	4880	21346162	21346346	185	21350857	21351041	185	21346157	21346161	gaaat	21351042	21351046	gaaat															LTR	Nonautonomous:Copia	Ale	yes	+	GAG|Ale PROT|Ale INT|Ale RT|Ale RH|Ale	0.00546453526609512	0.00547955443143292	0.00547264793959038	0.00549587026264257	182151.175536504	257604.515996936	184	1	184	0	184	182421.597986346	0.00543478260869565	0	gene	21342627	21344804	1358	+	ID=gene-AT1G57620;Dbxref=Araport:AT1G57620,TAIR:AT1G57620,GeneID:842138;Name=AT1G57620;gbkey=Gene;gene_biotype=protein_coding;gene_synonym=CYB,CYTOPLASMIC BODIES,T8L23.9,T8L23_9;locus_tag=AT1G57620
NC_003070.9_21346162_21351041	Genes Upstream LTR	NC_003070.9	21346162	21351041	4880	21346162	21346346	185	21350857	21351041	185	21346157	21346161	gaaat	21351042	21351046	gaaat															LTR	Nonautonomous:Copia	Ale	yes	+	GAG|Ale PROT|Ale INT|Ale RT|Ale RH|Ale	0.00546453526609512	0.00547955443143292	0.00547264793959038	0.00549587026264257	182151.175536504	257604.515996936	184	1	184	0	184	182421.597986346	0.00543478260869565	0	gene	21345445	21346157	5	+	ID=gene-AT1G57630;Dbxref=Araport:AT1G57630,TAIR:AT1G57630,GeneID:842139;Name=AT1G57630;end_range=21346157,.;gbkey=Gene;gene_biotype=protein_coding;gene_synonym=T8L23.10,T8L23_10;locus_tag=AT1G57630;partial=true
NC_003070.9_21524995_21529850	Genes Upstream LTR	NC_003070.9	21524995	21529850	4856	21524995	21525434	440	21529415	21529850	436	21524990	21524994	aaata	21529851	21529855	aaata	21525418	21525426	gttaaactt	-	16										LTR	Nonautonomous:Copia	Ivana	yes	+	GAG|Ivana PROT|Ivana INT|Ivana RT|Ivana RH|Ivana	0.0258432406752269	0.00786375362466436	0.0259785830908894	0.00794649633553578	861441.355840897	367042.791553284	435	9	435	2	435	865952.769696314	0.0206896551724138	0.00459770114942529	gene	21520401	21522457	2538	+	ID=gene-AT1G58120;Dbxref=Araport:AT1G58120,TAIR:AT1G58120,GeneID:842179;Name=AT1G58120;gbkey=Gene;gene_biotype=protein_coding;gene_synonym=T15M6.13;locus_tag=AT1G58120
NC_003070.9_26366607_26371668	Genes Upstream LTR	NC_003070.9	26366607	26371668	5062	26366607	26366810	204	26371465	26371668	204	26366602	26366606	gtatt	26371669	26371673	gtatt															LTR	Nonautonomous:Copia	Ale	yes	+	GAG|Ale PROT|Ale INT|Ale RT|Ale RH|Ale	0.0200209276513129	0.0100717836160783	0.0201295199111367	0.0101816420573466	667364.255043763	471482.395777376	203	3	203	1	203	670983.997037889	0.0147783251231527	0.00492610837438424	gene	26362979	26364878	1729	-	ID=gene-AT1G70000;Dbxref=Araport:AT1G70000,TAIR:AT1G70000,GeneID:843337;Name=AT1G70000;gbkey=Gene;gene_biotype=protein_coding;gene_synonym=F20P5.26,F20P5_26;locus_tag=AT1G70000
NC_003070.9_12406711_12410000	Genes Upstream LTR	NC_003070.9	12406711	12410000	3290	12406711	12407249	539	12409463	12410000	538	12406706	12406710	gatac	12410001	12410005	gatac	12409454	12409461	gaggggga	+	2										LTR	Nonautonomous:Copia	Ale	no	+	RT|Ale RH|Ale	0.0266457530514099	0.00718458514197051	0.0267872885584185	0.0072612407176144	888191.76838033	335390.179951395	537	11	537	3	537	892909.618613951	0.0204841713221601	0.00558659217877095	pseudogene	12403277	12406628	83	-	ID=gene-AT1G34080;Dbxref=Araport:AT1G34080,TAIR:AT1G34080,GeneID:3766908;Name=AT1G34080;end_range=12406628,.;gbkey=Gene;gene_biotype=pseudogene;gene_synonym=F12G12.130,F12G12_130;locus_tag=AT1G34080;partial=true;pseudo=true;start_range=.,12403277
NC_003070.9_13507780_13515964	Genes Upstream LTR	NC_003070.9	13507780	13515964	8185	13507780	13508922	1143	13514817	13515964	1148	13507775	13507779	ctagg	13515965	13515969	ctagg															LTR	Nonautonomous:Gypsy	Tekay	yes	+	GAG|Tekay PROT|Tekay RT|Tekay RH|Tekay INT|Tekay CHD|Tekay	0.0517868438787362	0.00692779840447481	0.0520332009486481	0.00699436908160873	1726228.12929121	322182.568614309	1140	27	1140	30	1140	1734440.0316216	0.0236842105263158	0.0263157894736842	pseudogene	13503912	13506396	1384	-	ID=gene-AT1G36110;Dbxref=Araport:AT1G36110,TAIR:AT1G36110,GeneID:3766976;Name=AT1G36110;end_range=13506396,.;gbkey=Gene;gene_biotype=pseudogene;gene_synonym=F5J5.14,F5J5_14;locus_tag=AT1G36110;partial=true;pseudo=true;start_range=.,13503912
NC_003070.9_13883073_13890962	Genes Upstream LTR	NC_003070.9	13883073	13890962	7890	13883073	13884230	1158	13889807	13890962	1156	13883068	13883072	tctac	13890963	13890967	tctac	13889797	13889805	gagggagaa	+	2										LTR	Nonautonomous:Gypsy	Tekay	yes	+	GAG|Tekay PROT|Tekay RT|Tekay RH|Tekay INT|Tekay CHD|Tekay	0.0291788313230751	0.0051137315625337	0.0292881132373046	0.00515215468649829	972627.71076917	239010.245982676	1155	20	1155	13	1155	976270.441243486	0.0173160173160173	0.0112554112554113	pseudogene	13880249	13881542	1531	+	ID=gene-AT1G36710;Dbxref=Araport:AT1G36710,TAIR:AT1G36710,GeneID:3767027;Name=AT1G36710;gbkey=Gene;gene_biotype=transcribed_pseudogene;gene_synonym=T15P17.3;locus_tag=AT1G36710;pseudo=true
NC_003070.9_14129671_14134851	Genes Upstream LTR	NC_003070.9	14129671	14134851	5181	14129671	14130169	499	14134366	14134851	486	14129666	14129670	atctc	14134852	14134856	atctc															LTR	Nonautonomous:Copia	Tork	yes	+	GAG|Tork PROT|Tork INT|Tork RT|Tork RH|Tork	0.0317056888995145	0.00824605842621839	0.0318082265372496	0.0082994607367942	1056856.29665048	385148.025312374	484	9	484	6	484	1060274.21790832	0.0185950413223141	0.012396694214876	pseudogene	14124806	14128188	1483	-	ID=gene-AT1G37100;Dbxref=Araport:AT1G37100,TAIR:AT1G37100,GeneID:3767061;Name=AT1G37100;end_range=14128188,.;gbkey=Gene;gene_biotype=pseudogene;gene_synonym=F28L22.12;locus_tag=AT1G37100;partial=true;pseudo=true;start_range=.,14124806
NC_003070.9_14214747_14225656	Genes Upstream LTR	NC_003070.9	14214747	14225656	10910	14214747	14216422	1676	14223980	14225656	1677	14214742	14214746	tcttt	14225657	14225661	tcttt															LTR	Nonautonomous:Gypsy	Athila	no	+	GAG|Athila PROT|Athila	0.0355451330417081	0.00470590657609863	0.0356508081053634	0.00473384745934314	1184837.76805694	219542.981011467	1674	35	1674	23	1674	1188360.27017878	0.0209080047789725	0.0137395459976105	pseudogene	14213199	14213730	1017	+	ID=gene-AT1G37275;Dbxref=Araport:AT1G37275,TAIR:AT1G37275,GeneID:840639;Name=AT1G37275;end_range=14213730,.;gbkey=Gene;gene_biotype=pseudogene;locus_tag=AT1G37275;partial=true;pseudo=true;start_range=.,14213199
NC_003070.9_17203926_17206318	Genes Upstream LTR	NC_003070.9	17203926	17206318	2393	17203926	17204265	340	17205979	17206318	340	17203921	17203925	tactc	17206319	17206323	tactc	17205970	17205978	aaggaggag	+	1										LTR	Nonautonomous:Copia	Ivana	no	+	GAG|Ivana PROT|Ivana RH|Ivana	0.00592376796564513	0.00419342273751999	0.0059376770190166	0.00421316936956003	197458.932188171	197368.904570191	339	1	339	1	339	197922.567300553	0.00294985250737463	0.00294985250737463	pseudogene	17202375	17202565	1361	-	ID=gene-AT1G46048;Dbxref=Araport:AT1G46048,TAIR:AT1G46048,GeneID:3767369;Name=AT1G46048;gbkey=Gene;gene_biotype=transcribed_pseudogene;gene_synonym=F2G19.36;locus_tag=AT1G46048;pseudo=true
NC_003070.9_17520597_17525126	Genes Upstream LTR	NC_003070.9	17520597	17525126	4530	17520597	17520758	162	17524965	17525126	162	17520592	17520596	attca	17525127	17525131	attca															LTR	Nonautonomous:Copia	Ale	yes	+	GAG|Ale PROT|Ale INT|Ale RT|Ale RH|Ale	0.0188689197271162	0.0109289032273531	0.019020353506301	0.0111060162031569	628963.990903873	512769.370864919	161	1	161	2	161	634011.783543366	0.0062111801242236	0.0124223602484472	pseudogene	17516185	17517883	2714	-	ID=gene-AT1G47630;Dbxref=Araport:AT1G47630,TAIR:AT1G47630,GeneID:3767389;Name=CYP96A7;Note=member of CYP96A;gbkey=Gene;gene=CYP96A7;gene_biotype=transcribed_pseudogene;gene_synonym=''cytochrome P450,cytochrome P450,F16N3.43,family 96,polypeptide 7,polypeptide 7'',subfamily A;locus_tag=AT1G47630;pseudo=true
NC_003070.9_7717356_7722547	Genes Downstream LTR	NC_003070.9	7717356	7722547	5192	7717356	7717795	440	7722108	7722547	440	7717351	7717355	gactg	7722548	7722552	gactg	7722099	7722107	aagaggggg	+	1										LTR	Nonautonomous:Copia	Ivana	yes	+	GAG|Ivana PROT|Ivana INT|Ivana RT|Ivana RH|Ivana	0.0279120773193726	0.00811611147791523	0.0281447682668833	0.00825266695425278	930402.577312421	379257.032823864	439	8	439	4	439	938158.942229444	0.0182232346241458	0.00911161731207289	gene	7723162	7723954	615	-	ID=gene-AT1G21950;Dbxref=Araport:AT1G21950,TAIR:AT1G21950,GeneID:838798;Name=AT1G21950;gbkey=Gene;gene_biotype=protein_coding;gene_synonym=T26F17.18,T26F17_18;locus_tag=AT1G21950
NC_003070.9_7717356_7722547	Genes Downstream LTR	NC_003070.9	7717356	7722547	5192	7717356	7717795	440	7722108	7722547	440	7717351	7717355	gactg	7722548	7722552	gactg	7722099	7722107	aagaggggg	+	1										LTR	Nonautonomous:Copia	Ivana	yes	+	GAG|Ivana PROT|Ivana INT|Ivana RT|Ivana RH|Ivana	0.0279120773193726	0.00811611147791523	0.0281447682668833	0.00825266695425278	930402.577312421	379257.032823864	439	8	439	4	439	938158.942229444	0.0182232346241458	0.00911161731207289	gene	7725972	7726586	3425	+	ID=gene-AT1G21960;Dbxref=Araport:AT1G21960,TAIR:AT1G21960,GeneID:838799;Name=AT1G21960;end_range=7726586,.;gbkey=Gene;gene_biotype=protein_coding;gene_synonym=T26F17.19,T26F17_19;locus_tag=AT1G21960;partial=true;start_range=.,7725972
NC_003070.9_9476002_9480634	Genes Downstream LTR	NC_003070.9	9476002	9480634	4633	9476002	9476121	120	9480515	9480634	120	9475997	9476001	gtttg	9480635	9480639	gtttg															LTR	Nonautonomous:Copia	Ale	yes	+	GAG|Ale PROT|Ale INT|Ale RT|Ale RH|Ale	0.0170040405810258	0.0120628103228054	0.0171458156086016	0.0122657996106794	566801.352700859	566080.569651751	119	1	119	1	119	571527.186953388	0.00840336134453781	0.00840336134453781	gene	9481405	9482992	771	+	ID=gene-AT1G27290;Dbxref=Araport:AT1G27290,TAIR:AT1G27290,GeneID:839618;Name=AT1G27290;gbkey=Gene;gene_biotype=protein_coding;gene_synonym=F17L21.8,F17L21_8;locus_tag=AT1G27290
NC_003070.9_9476002_9480634	Genes Downstream LTR	NC_003070.9	9476002	9480634	4633	9476002	9476121	120	9480515	9480634	120	9475997	9476001	gtttg	9480635	9480639	gtttg															LTR	Nonautonomous:Copia	Ale	yes	+	GAG|Ale PROT|Ale INT|Ale RT|Ale RH|Ale	0.0170040405810258	0.0120628103228054	0.0171458156086016	0.0122657996106794	566801.352700859	566080.569651751	119	1	119	1	119	571527.186953388	0.00840336134453781	0.00840336134453781	gene	9483157	9484368	2523	+	ID=gene-AT1G27300;Dbxref=Araport:AT1G27300,TAIR:AT1G27300,GeneID:839619;Name=AT1G27300;gbkey=Gene;gene_biotype=protein_coding;gene_synonym=F17L21.9,F17L21_9;locus_tag=AT1G27300
NC_003070.9_9476002_9480634	Genes Downstream LTR	NC_003070.9	9476002	9480634	4633	9476002	9476121	120	9480515	9480634	120	9475997	9476001	gtttg	9480635	9480639	gtttg															LTR	Nonautonomous:Copia	Ale	yes	+	GAG|Ale PROT|Ale INT|Ale RT|Ale RH|Ale	0.0170040405810258	0.0120628103228054	0.0171458156086016	0.0122657996106794	566801.352700859	566080.569651751	119	1	119	1	119	571527.186953388	0.00840336134453781	0.00840336134453781	gene	9483441	9483754	2807	-	ID=gene-AT1G06083;Dbxref=Araport:AT1G06083,GeneID:28716431;Name=AT1G06083;Note=Natural antisense transcript overlaps with AT1G27300;gbkey=Gene;gene_biotype=lncRNA;locus_tag=AT1G06083
NC_003070.9_11789452_11794077	Genes Downstream LTR	NC_003070.9	11789452	11794077	4626	11789452	11789722	271	11793807	11794077	271	11789447	11789451	gtcat	11794078	11794082	gtcat	11793796	11793805	aagggaggga	+	2										LTR	Nonautonomous:Copia	Ivana	yes	+	GAG|Ivana PROT|Ivana INT|Ivana RT|Ivana RH|Ivana	0	0	0	0	0	0	270	0	270	0	270	0	0	0	gene	11794802	11795683	725	+	ID=gene-AT1G32600;Dbxref=Araport:AT1G32600,TAIR:AT1G32600,GeneID:840155;Name=AT1G32600;end_range=11795683,.;gbkey=Gene;gene_biotype=protein_coding;gene_synonym=F6N18.20,F6N18_20;locus_tag=AT1G32600;partial=true;start_range=.,11794802
NC_003070.9_11789452_11794077	Genes Downstream LTR	NC_003070.9	11789452	11794077	4626	11789452	11789722	271	11793807	11794077	271	11789447	11789451	gtcat	11794078	11794082	gtcat	11793796	11793805	aagggaggga	+	2										LTR	Nonautonomous:Copia	Ivana	yes	+	GAG|Ivana PROT|Ivana INT|Ivana RT|Ivana RH|Ivana	0	0	0	0	0	0	270	0	270	0	270	0	0	0	gene	11795609	11797221	1532	-	ID=gene-AT1G32610;Dbxref=Araport:AT1G32610,TAIR:AT1G32610,GeneID:840156;Name=AT1G32610;gbkey=Gene;gene_biotype=protein_coding;gene_synonym=F6N18.2,F6N18_2;locus_tag=AT1G32610
NC_003070.9_11789452_11794077	Genes Downstream LTR	NC_003070.9	11789452	11794077	4626	11789452	11789722	271	11793807	11794077	271	11789447	11789451	gtcat	11794078	11794082	gtcat	11793796	11793805	aagggaggga	+	2										LTR	Nonautonomous:Copia	Ivana	yes	+	GAG|Ivana PROT|Ivana INT|Ivana RT|Ivana RH|Ivana	0	0	0	0	0	0	270	0	270	0	270	0	0	0	gene	11797201	11797285	3124	-	ID=gene-AT1G32620;Dbxref=Araport:AT1G32620,TAIR:AT1G32620,GeneID:3766882;Name=AT1G32620;gbkey=Gene;gene_biotype=tRNA;gene_synonym=51766.TRNA-MET-1;locus_tag=AT1G32620
NC_003070.9_12406711_12410000	Genes Downstream LTR	NC_003070.9	12406711	12410000	3290	12406711	12407249	539	12409463	12410000	538	12406706	12406710	gatac	12410001	12410005	gatac	12409454	12409461	gaggggga	+	2										LTR	Nonautonomous:Copia	Ale	no	+	RT|Ale RH|Ale	0.0266457530514099	0.00718458514197051	0.0267872885584185	0.0072612407176144	888191.76838033	335390.179951395	537	11	537	3	537	892909.618613951	0.0204841713221601	0.00558659217877095	gene	12411670	12412514	1670	-	ID=gene-AT1G34095;Dbxref=Araport:AT1G34095,TAIR:AT1G34095,GeneID:840308;Name=AT1G34095;end_range=12412514,.;gbkey=Gene;gene_biotype=protein_coding;locus_tag=AT1G34095;partial=true;start_range=.,12411670
NC_003070.9_13019157_13023945	Genes Downstream LTR	NC_003070.9	13019157	13023945	4789	13019157	13019304	148	13023798	13023945	148	13019152	13019156	aaaag	13023946	13023950	aaaag	13019317	13019325	cacgttctg	-	13	13023787	13023797	-	Arabidopsis_thaliana_NC_003070.9.trna197-Thr	tggtatcagag	0	2	1		LTR	Autonomous:Copia	Ale	yes	+	GAG|Ale PROT|Ale INT|Ale RT|Ale RH|Ale	0.0137343546909083	0.00973708735663638	0.013816878622416	0.00985489869221277	457811.823030276	457337.529721589	147	1	147	1	147	460562.620747201	0.00680272108843537	0.00680272108843537	gene	13024161	13024941	216	+	ID=gene-AT1G35410;Dbxref=Araport:AT1G35410,TAIR:AT1G35410,GeneID:840433;Name=AT1G35410;end_range=13024941,.;gbkey=Gene;gene_biotype=protein_coding;gene_synonym=F12A4.5,F12A4_5;locus_tag=AT1G35410;partial=true;start_range=.,13024161
NC_003070.9_13019157_13023945	Genes Downstream LTR	NC_003070.9	13019157	13023945	4789	13019157	13019304	148	13023798	13023945	148	13019152	13019156	aaaag	13023946	13023950	aaaag	13019317	13019325	cacgttctg	-	13	13023787	13023797	-	Arabidopsis_thaliana_NC_003070.9.trna197-Thr	tggtatcagag	0	2	1		LTR	Autonomous:Copia	Ale	yes	+	GAG|Ale PROT|Ale INT|Ale RT|Ale RH|Ale	0.0137343546909083	0.00973708735663638	0.013816878622416	0.00985489869221277	457811.823030276	457337.529721589	147	1	147	1	147	460562.620747201	0.00680272108843537	0.00680272108843537	gene	13026206	13027691	2261	+	ID=gene-AT1G35420;Dbxref=Araport:AT1G35420,TAIR:AT1G35420,GeneID:840434;Name=AT1G35420;gbkey=Gene;gene_biotype=protein_coding;gene_synonym=F12A4.4,F12A4_4;locus_tag=AT1G35420
NC_003070.9_13334466_13339870	Genes Downstream LTR	NC_003070.9	13334466	13339870	5405	13334466	13334860	395	13339479	13339870	392	13334461	13334465	caatg	13339871	13339875	caatg						13334865	13334879	+	Arabidopsis_thaliana_NC_003070.9.trna211-Thr	tgctttccttgagag	4	0	1		LTR	Nonautonomous:Gypsy	Reina	yes	+	GAG|Reina PROT|Reina RT|Reina RH|Reina INT|Reina CHD|Reina	0.0725897543516718	0.0141834917969786	0.0733217888626694	0.0144740752908969	2419658.47838906	655593.865820575	391	14	391	13	391	2444059.62875565	0.0358056265984655	0.0332480818414322	gene	13341300	13341953	1430	+	ID=gene-AT1G35890;Dbxref=Araport:AT1G35890,TAIR:AT1G35890,GeneID:840491;Name=AT1G35890;end_range=13341953,.;gbkey=Gene;gene_biotype=protein_coding;gene_synonym=F10O5.6,F10O5_6;locus_tag=AT1G35890;partial=true;start_range=.,13341300
NC_003070.9_13659273_13667557	Genes Downstream LTR	NC_003070.9	13659273	13667557	8285	13659273	13660427	1155	13666401	13667557	1157	13659268	13659272	taaat	13667558	13667562	taaat	13666391	13666399	gggggagaa	+	2										LTR	Nonautonomous:Gypsy	Tekay	yes	+	GAG|Tekay PROT|Tekay RT|Tekay RH|Tekay INT|Tekay CHD|Tekay	0.0256472943043983	0.00479581984842845	0.0257347203566806	0.00482854521766185	854909.810146609	224211.84259803	1153	20	1153	9	1153	857824.011889354	0.0173460537727667	0.00780572419774501	gene	13669425	13671203	1868	+	ID=gene-AT1G36310;Dbxref=Araport:AT1G36310,TAIR:AT1G36310,GeneID:840538;Name=AT1G36310;gbkey=Gene;gene_biotype=protein_coding;gene_synonym=F7F23.3,F7F23_3;locus_tag=AT1G36310
NC_003070.9_14019278_14024518	Genes Downstream LTR	NC_003070.9	14019278	14024518	5241	14019278	14019563	286	14024233	14024518	286	14019273	14019277	gaaga	14024519	14024523	gaaga	14024208	14024229	gaagggggggggggggaggggg	+	4										LTR	Nonautonomous:Gypsy	Reina	yes	+	GAG|Reina PROT|Reina RT|Reina RH|Reina INT|Reina CHD|Reina	0.0250423202755716	0.0095329145031277	0.025204741407512	0.00965739244790239	834744.00918572	445650.896460627	285	5	285	2	285	840158.046917066	0.0175438596491228	0.00701754385964912	gene	14024634	14027040	116	+	ID=gene-AT1G36980;Dbxref=Araport:AT1G36980,TAIR:AT1G36980,GeneID:840608;Name=AT1G36980;gbkey=Gene;gene_biotype=protein_coding;gene_synonym=T32E20.29,T32E20_29;locus_tag=AT1G36980
NC_003070.9_14129671_14134851	Genes Downstream LTR	NC_003070.9	14129671	14134851	5181	14129671	14130169	499	14134366	14134851	486	14129666	14129670	atctc	14134852	14134856	atctc															LTR	Nonautonomous:Copia	Tork	yes	+	GAG|Tork PROT|Tork INT|Tork RT|Tork RH|Tork	0.0317056888995145	0.00824605842621839	0.0318082265372496	0.0082994607367942	1056856.29665048	385148.025312374	484	9	484	6	484	1060274.21790832	0.0185950413223141	0.012396694214876	gene	14136413	14138703	1562	+	ID=gene-AT1G37113;Dbxref=Araport:AT1G37113,TAIR:AT1G37113,GeneID:6240453;Name=AT1G37113;gbkey=Gene;gene_biotype=protein_coding;locus_tag=AT1G37113;partial=true;start_range=.,14136413
NC_003070.9_16117829_16124076	Genes Downstream LTR	NC_003070.9	16117829	16124076	6248	16117829	16118379	551	16123526	16124076	551	16117824	16117828	agtag	16124077	16124081	agtag	16123512	16123524	aaaaagggggaga	+	2										LTR	Nonautonomous:Copia	SIRE	yes	+	GAG|SIRE PROT|SIRE INT|SIRE RT|SIRE RH|SIRE	0.0147168841982602	0.00522644734302942	0.0147447429959753	0.00524623029932587	490562.806608673	245116.124631715	550	6	550	2	550	491491.433199176	0.0109090909090909	0.00363636363636364	gene	16125743	16127298	1667	+	ID=gene-AT1G42960;Dbxref=Araport:AT1G42960,TAIR:AT1G42960,GeneID:840894;Name=AT1G42960;Note=expressed protein localized to the inner membrane of the chloroplast.;gbkey=Gene;gene_biotype=protein_coding;gene_synonym=F13A11.2,F13A11_2;locus_tag=AT1G42960
NC_003070.9_16551721_16557069	Genes Downstream LTR	NC_003070.9	16551721	16557069	5349	16551721	16552120	400	16556671	16557069	399	16551716	16551720	cagcc	16557070	16557074	cagcc															LTR	Nonautonomous:Copia	Ale	yes	+	GAG|Ale PROT|Ale INT|Ale RT|Ale RH|Ale	0.0334650753335045	0.00935525622336757	0.0335690012461105	0.00941332383285232	1115502.51111682	436658.934865244	398	8	398	5	398	1118966.70820368	0.0201005025125628	0.0125628140703518	gene	16560777	16560998	3708	-	ID=gene-AT1G07197;Dbxref=Araport:AT1G07197,GeneID:28716616;Name=AT1G07197;gbkey=Gene;gene_biotype=lncRNA;locus_tag=AT1G07197
NC_003070.9_17023916_17029257	Genes Downstream LTR	NC_003070.9	17023916	17029257	5342	17023916	17024415	500	17028758	17029257	500	17023911	17023915	caaag	17029258	17029262	caaag															LTR	Nonautonomous:Copia	Ale	yes	+	GAG|Ale PROT|Ale INT|Ale RT|Ale RH|Ale	0.0288266856787314	0.00779040389907081	0.0289425204977957	0.00785311179617832	960889.522624381	362974.29341503	498	12	498	2	498	964750.683259857	0.0240963855421687	0.00401606425702811	gene	17031211	17033269	1954	+	ID=gene-AT1G45050;Dbxref=Araport:AT1G45050,TAIR:AT1G45050,GeneID:841072;Name=ATUBC2-1;Note=member of ubiquitin-conjugating E2-proteins;gbkey=Gene;gene=ATUBC2-1;gene_biotype=protein_coding;gene_synonym=Arabidopsis thaliana ubiquitin-conjugating enzyme 15,F27F5.13,F27F5_13,UBC15;locus_tag=AT1G45050
NC_003070.9_17255285_17265289	Genes Downstream LTR	NC_003070.9	17255285	17265289	10005	17255285	17255698	414	17264875	17265289	415	17255280	17255284	ttaag	17265290	17265294	ttaag															LTR	Nonautonomous:Gypsy	Retand	no	+	GAG|Retand PROT|Retand RT|Retand aRH|Retand INT|Retand	0.00731720375921889	0.00424016855182329	0.00732480379597033	0.00424900436277275	243906.791973963	199154.406131382	413	3	413	0	413	244160.126532344	0.00726392251815981	0	gene	17265586	17266824	297	-	ID=gene-AT1G46768;Dbxref=Araport:AT1G46768,TAIR:AT1G46768,GeneID:841117;Name=RAP2.1;Note=encodes a member of the DREB subfamily A-5 of ERF/AP2 transcription factor family (RAP2.1). The protein contains one AP2 domain. There are 16 members in this subfamily including RAP2.9 and RAP2.10.;gbkey=Gene;gene=RAP2.1;gene_biotype=protein_coding;gene_synonym=F2G19.32,F2G19_32,related to AP2 1;locus_tag=AT1G46768
NC_003070.9_17520597_17525126	Genes Downstream LTR	NC_003070.9	17520597	17525126	4530	17520597	17520758	162	17524965	17525126	162	17520592	17520596	attca	17525127	17525131	attca															LTR	Nonautonomous:Copia	Ale	yes	+	GAG|Ale PROT|Ale INT|Ale RT|Ale RH|Ale	0.0188689197271162	0.0109289032273531	0.019020353506301	0.0111060162031569	628963.990903873	512769.370864919	161	1	161	2	161	634011.783543366	0.0062111801242236	0.0124223602484472	gene	17525342	17526308	216	+	ID=gene-AT1G47655;Dbxref=Araport:AT1G47655,TAIR:AT1G47655,GeneID:841175;Name=AT1G47655;gbkey=Gene;gene_biotype=protein_coding;locus_tag=AT1G47655
NC_003070.9_18828527_18833280	Genes Downstream LTR	NC_003070.9	18828527	18833280	4754	18828527	18828827	301	18832980	18833280	301	18828522	18828526	cttaa	18833281	18833285	cttaa	18832971	18832979	aagggggag	+	1										LTR	Nonautonomous:Copia	Ivana	yes	+	GAG|Ivana PROT|Ivana INT|Ivana RT|Ivana RH|Ivana	0.00334449407539836	0.00335010718833824	0.00334669968459137	0.00335453269123351	111483.135846612	157661.845444316	300	1	300	0	300	111556.656153046	0.00333333333333333	0	gene	18835271	18838029	1991	-	ID=gene-AT1G50830;Dbxref=Araport:AT1G50830,TAIR:AT1G50830,GeneID:841505;Name=AT1G50830;gbkey=Gene;gene_biotype=protein_coding;gene_synonym=F8A12.7,F8A12_7;locus_tag=AT1G50830
NC_003070.9_21244324_21249198	Genes Downstream LTR	NC_003070.9	21244324	21249198	4875	21244324	21244458	135	21249064	21249198	135	21244319	21244323	aggag	21249199	21249203	aggag															LTR	Nonautonomous:Copia	Ale	yes	+	GAG|Ale PROT|Ale INT|Ale RT|Ale RH|Ale	0	0	0	0	0	0	134	0	134	0	134	0	0	0	gene	21250248	21251488	1050	-	ID=gene-AT1G56680;Dbxref=Araport:AT1G56680,TAIR:AT1G56680,GeneID:842124;Name=AT1G56680;gbkey=Gene;gene_biotype=protein_coding;gene_synonym=F25P12.88,F25P12_88;locus_tag=AT1G56680
NC_003070.9_21346162_21351041	Genes Downstream LTR	NC_003070.9	21346162	21351041	4880	21346162	21346346	185	21350857	21351041	185	21346157	21346161	gaaat	21351042	21351046	gaaat															LTR	Nonautonomous:Copia	Ale	yes	+	GAG|Ale PROT|Ale INT|Ale RT|Ale RH|Ale	0.00546453526609512	0.00547955443143292	0.00547264793959038	0.00549587026264257	182151.175536504	257604.515996936	184	1	184	0	184	182421.597986346	0.00543478260869565	0	gene	21351166	21354311	125	+	ID=gene-AT1G57650;Dbxref=Araport:AT1G57650,TAIR:AT1G57650,GeneID:842141;Name=AT1G57650;end_range=21354311,.;gbkey=Gene;gene_biotype=protein_coding;gene_synonym=T8L23.12,T8L23_12;locus_tag=AT1G57650;partial=true;start_range=.,21351166
NC_003070.9_21524995_21529850	Genes Downstream LTR	NC_003070.9	21524995	21529850	4856	21524995	21525434	440	21529415	21529850	436	21524990	21524994	aaata	21529851	21529855	aaata	21525418	21525426	gttaaactt	-	16										LTR	Nonautonomous:Copia	Ivana	yes	+	GAG|Ivana PROT|Ivana INT|Ivana RT|Ivana RH|Ivana	0.0258432406752269	0.00786375362466436	0.0259785830908894	0.00794649633553578	861441.355840897	367042.791553284	435	9	435	2	435	865952.769696314	0.0206896551724138	0.00459770114942529	gene	21530103	21530458	253	+	ID=gene-AT1G58150;Dbxref=Araport:AT1G58150,TAIR:AT1G58150,GeneID:842182;Name=AT1G58150;end_range=21530458,.;gbkey=Gene;gene_biotype=protein_coding;gene_synonym=T15M6.2;locus_tag=AT1G58150;partial=true;start_range=.,21530103
NC_003070.9_21524995_21529850	Genes Downstream LTR	NC_003070.9	21524995	21529850	4856	21524995	21525434	440	21529415	21529850	436	21524990	21524994	aaata	21529851	21529855	aaata	21525418	21525426	gttaaactt	-	16										LTR	Nonautonomous:Copia	Ivana	yes	+	GAG|Ivana PROT|Ivana INT|Ivana RT|Ivana RH|Ivana	0.0258432406752269	0.00786375362466436	0.0259785830908894	0.00794649633553578	861441.355840897	367042.791553284	435	9	435	2	435	865952.769696314	0.0206896551724138	0.00459770114942529	gene	21530888	21531588	1038	-	ID=gene-AT1G08197;Dbxref=Araport:AT1G08197,GeneID:28716795;Name=AT1G08197;gbkey=Gene;gene_biotype=misc_RNA;locus_tag=AT1G08197
NC_003070.9_21524995_21529850	Genes Downstream LTR	NC_003070.9	21524995	21529850	4856	21524995	21525434	440	21529415	21529850	436	21524990	21524994	aaata	21529851	21529855	aaata	21525418	21525426	gttaaactt	-	16										LTR	Nonautonomous:Copia	Ivana	yes	+	GAG|Ivana PROT|Ivana INT|Ivana RT|Ivana RH|Ivana	0.0258432406752269	0.00786375362466436	0.0259785830908894	0.00794649633553578	861441.355840897	367042.791553284	435	9	435	2	435	865952.769696314	0.0206896551724138	0.00459770114942529	gene	21533724	21534440	3874	+	ID=gene-AT1G58160;Dbxref=Araport:AT1G58160,TAIR:AT1G58160,GeneID:842183;Name=JAX1;Note=At1g58160 in Col-0 has been shown to be a pseudogene due to a stop codon in the first exon (PMID:22307853). Its functional copy in other ecotypes (Bay-0) encodes JAX1%2C a jacalin-type lectin gene that confers resistance against potexviruses.;end_range=21534440,.;gbkey=Gene;gene=JAX1;gene_biotype=protein_coding;gene_synonym=JACALIN-TYPE LECTIN REQUIRED FOR POTEXVIRUS RESISTANCE 1,T15M6.3;locus_tag=AT1G58160;partial=true;start_range=.,21533724
NC_003070.9_22100644_22105329	Genes Downstream LTR	NC_003070.9	22100644	22105329	4686	22100644	22100754	111	22105219	22105329	111	22100639	22100643	tatcc	22105330	22105334	tatcc															LTR	Nonautonomous:Copia	Ale	yes	+	GAG|Ale PROT|Ale INT|Ale RT|Ale RH|Ale	0.0280447333255218	0.0164256602019993	0.0281425609706549	0.0165416102412504	934824.44418406	763583.972106867	110	3	110	0	110	938085.365688495	0.0272727272727273	0	gene	22107346	22107456	2017	+	ID=gene-AT1G60025;Dbxref=Araport:AT1G60025,TAIR:AT1G60025,GeneID:5007817;Name=MIR426;Note=Encodes a microRNA. MicroRNAs are regulatory RNAs with a mature length of ~21-nucleotides that are processed from hairpin precursors by Dicer-like enzymes. MicroRNAs can negatively regulate gene expression by attenuating translation or by directing mRNA cleavage. Mature sequence:TTTTGGAAATTTGTCCTTACG;gbkey=Gene;gene=MIR426;gene_biotype=miRNA;gene_synonym=microRNA426,p_MI0001441;locus_tag=AT1G60025
NC_003070.9_13507780_13515964	Genes Downstream LTR	NC_003070.9	13507780	13515964	8185	13507780	13508922	1143	13514817	13515964	1148	13507775	13507779	ctagg	13515965	13515969	ctagg															LTR	Nonautonomous:Gypsy	Tekay	yes	+	GAG|Tekay PROT|Tekay RT|Tekay RH|Tekay INT|Tekay CHD|Tekay	0.0517868438787362	0.00692779840447481	0.0520332009486481	0.00699436908160873	1726228.12929121	322182.568614309	1140	27	1140	30	1140	1734440.0316216	0.0236842105263158	0.0263157894736842	pseudogene	13516325	13520545	361	-	ID=gene-AT1G36130;Dbxref=Araport:AT1G36130,TAIR:AT1G36130,GeneID:3766978;Name=AT1G36130;end_range=13520545,.;gbkey=Gene;gene_biotype=pseudogene;gene_synonym=F5J5.16,F5J5_16;locus_tag=AT1G36130;partial=true;pseudo=true;start_range=.,13516325
NC_003070.9_13818567_13823888	Genes Downstream LTR	NC_003070.9	13818567	13823888	5322	13818567	13818942	376	13823513	13823888	376	13818562	13818566	atgtt	13823889	13823893	atgtt	13823498	13823510	gaaaggggggaga	+	3										LTR	Nonautonomous:Gypsy	Reina	yes	+	GAG|Reina PROT|Reina RT|Reina RH|Reina INT|Reina CHD|Reina	0	0	0	0	0	0	375	0	375	0	375	0	0	0	pseudogene	13824802	13825075	914	-	ID=gene-AT1G36595;Dbxref=Araport:AT1G36595,TAIR:AT1G36595,GeneID:3767016;Name=AT1G36595;gbkey=Gene;gene_biotype=transcribed_pseudogene;locus_tag=AT1G36595;pseudo=true
NC_003070.9_13818567_13823888	Genes Downstream LTR	NC_003070.9	13818567	13823888	5322	13818567	13818942	376	13823513	13823888	376	13818562	13818566	atgtt	13823889	13823893	atgtt	13823498	13823510	gaaaggggggaga	+	3										LTR	Nonautonomous:Gypsy	Reina	yes	+	GAG|Reina PROT|Reina RT|Reina RH|Reina INT|Reina CHD|Reina	0	0	0	0	0	0	375	0	375	0	375	0	0	0	pseudogene	13825466	13827399	1578	-	ID=gene-AT1G36600;Dbxref=Araport:AT1G36600,TAIR:AT1G36600,GeneID:3767017;Name=AT1G36600;end_range=13827399,.;gbkey=Gene;gene_biotype=pseudogene;gene_synonym=F28J9.1,F28J9_1;locus_tag=AT1G36600;partial=true;pseudo=true;start_range=.,13825466
NC_003070.9_13818567_13823888	Genes Downstream LTR	NC_003070.9	13818567	13823888	5322	13818567	13818942	376	13823513	13823888	376	13818562	13818566	atgtt	13823889	13823893	atgtt	13823498	13823510	gaaaggggggaga	+	3										LTR	Nonautonomous:Gypsy	Reina	yes	+	GAG|Reina PROT|Reina RT|Reina RH|Reina INT|Reina CHD|Reina	0	0	0	0	0	0	375	0	375	0	375	0	0	0	pseudogene	13828269	13828477	4381	-	ID=gene-AT1G36605;Dbxref=Araport:AT1G36605,TAIR:AT1G36605,GeneID:3767018;Name=AT1G36605;end_range=13828477,.;gbkey=Gene;gene_biotype=pseudogene;locus_tag=AT1G36605;partial=true;pseudo=true;start_range=.,13828269
NC_003070.9_16551721_16557069	Genes Downstream LTR	NC_003070.9	16551721	16557069	5349	16551721	16552120	400	16556671	16557069	399	16551716	16551720	cagcc	16557070	16557074	cagcc															LTR	Nonautonomous:Copia	Ale	yes	+	GAG|Ale PROT|Ale INT|Ale RT|Ale RH|Ale	0.0334650753335045	0.00935525622336757	0.0335690012461105	0.00941332383285232	1115502.51111682	436658.934865244	398	8	398	5	398	1118966.70820368	0.0201005025125628	0.0125628140703518	pseudogene	16557574	16558819	505	-	ID=gene-AT1G43777;Dbxref=Araport:AT1G43777,TAIR:AT1G43777,GeneID:840973;Name=AT1G43777;end_range=16558819,.;gbkey=Gene;gene_biotype=pseudogene;locus_tag=AT1G43777;partial=true;pseudo=true;start_range=.,16557574
NC_003070.9_17023916_17029257	Genes Downstream LTR	NC_003070.9	17023916	17029257	5342	17023916	17024415	500	17028758	17029257	500	17023911	17023915	caaag	17029258	17029262	caaag															LTR	Nonautonomous:Copia	Ale	yes	+	GAG|Ale PROT|Ale INT|Ale RT|Ale RH|Ale	0.0288266856787314	0.00779040389907081	0.0289425204977957	0.00785311179617832	960889.522624381	362974.29341503	498	12	498	2	498	964750.683259857	0.0240963855421687	0.00401606425702811	pseudogene	17029613	17030382	356	+	ID=gene-AT1G45035;Dbxref=Araport:AT1G45035,TAIR:AT1G45035,GeneID:3767351;Name=AT1G45035;end_range=17030382,.;gbkey=Gene;gene_biotype=pseudogene;gene_synonym=F27F5.12;locus_tag=AT1G45035;partial=true;pseudo=true;start_range=.,17029613
NC_003070.9_17023916_17029257	Genes Downstream LTR	NC_003070.9	17023916	17029257	5342	17023916	17024415	500	17028758	17029257	500	17023911	17023915	caaag	17029258	17029262	caaag															LTR	Nonautonomous:Copia	Ale	yes	+	GAG|Ale PROT|Ale INT|Ale RT|Ale RH|Ale	0.0288266856787314	0.00779040389907081	0.0289425204977957	0.00785311179617832	960889.522624381	362974.29341503	498	12	498	2	498	964750.683259857	0.0240963855421687	0.00401606425702811	pseudogene	17030498	17030855	1241	-	ID=gene-AT1G45040;Dbxref=Araport:AT1G45040,TAIR:AT1G45040,GeneID:3767352;Name=AT1G45040;gbkey=Gene;gene_biotype=transcribed_pseudogene;gene_synonym=F27F5.35;locus_tag=AT1G45040;pseudo=true
